{
  "cube": {
    "longname": "cube",
    "d": 1,
    "p": [
      [
        -1.003813928145281,
        1.003813928145281,
        1.017198106818754
      ],
      [
        1.003813928145281,
        1.003813928145281,
        1.017198106818754
      ],
      [
        1.003813928145281,
        1.003813928145281,
        -1.017198106818754
      ],
      [
        -1.003813928145281,
        1.003813928145281,
        -1.017198106818754
      ],
      [
        -1.003813928145281,
        1.003813928145281,
        1.017198106818754
      ],
      [
        -1.003813928145281,
        -1.003813928145281,
        1.017198106818754
      ],
      [
        1.003813928145281,
        -1.003813928145281,
        1.017198106818754
      ],
      [
        1.003813928145281,
        -1.003813928145281,
        -1.017198106818754
      ],
      [
        -1.003813928145281,
        -1.003813928145281,
        -1.017198106818754
      ],
      [
        -1.003813928145281,
        -1.003813928145281,
        1.017198106818754
      ],
      [
        1.003813928145281,
        -1.003813928145281,
        1.017198106818754
      ],
      [
        1.003813928145281,
        1.003813928145281,
        1.017198106818754
      ],
      [
        1.003813928145281,
        1.003813928145281,
        -1.017198106818754
      ],
      [
        1.003813928145281,
        -1.003813928145281,
        -1.017198106818754
      ],
      [
        -1.003813928145281,
        -1.003813928145281,
        -1.017198106818754
      ],
      [
        -1.003813928145281,
        1.003813928145281,
        -1.017198106818754
      ]
    ],
    "k": [
      0.0,
      1.0,
      2.0,
      3.0,
      4.0,
      5.0,
      6.0,
      7.0,
      8.0,
      9.0,
      10.0,
      11.0,
      12.0,
      13.0,
      14.0,
      15.0
    ]
  },
  "pelvis": {
    "longname": "pelvis",
    "d": 3,
    "p": [
      [
        1.0258973454219624,
        -1.1471397589718306,
        -1.0725290429411425
      ],
      [
        0.8160547065856519,
        0.0,
        1.0725290429411425
      ],
      [
        1.0258973454219624,
        1.1471397589718306,
        -1.0258973454219624
      ],
      [
        0.5968857282455055,
        1.9585312958055645,
        -0.17720045057288442
      ],
      [
        0.0,
        1.9585312958055645,
        -0.17720045057288442
      ],
      [
        -0.5968857282455055,
        1.9585312958055645,
        -0.17720045057288442
      ],
      [
        -1.0258973454219624,
        1.1471397589718306,
        -1.0258973454219624
      ],
      [
        -0.8160547065856519,
        0.0,
        1.0258973454219624
      ],
      [
        -1.0258973454219624,
        -1.1471397589718306,
        -1.0258973454219624
      ],
      [
        -0.5968857282455055,
        -1.9585312958055645,
        -0.17720045057288442
      ],
      [
        0.0,
        -1.9585312958055645,
        -0.17720045057288442
      ],
      [
        0.5968857282455055,
        -1.9585312958055645,
        -0.17720045057288442
      ],
      [
        1.0258973454219624,
        -1.1471397589718306,
        -1.0258973454219624
      ],
      [
        0.8160547065856519,
        0.0,
        1.0258973454219624
      ],
      [
        1.0258973454219624,
        1.1471397589718306,
        -1.0258973454219624
      ]
    ],
    "k": [
      -2.0,
      -1.0,
      0.0,
      1.0,
      2.0,
      3.0,
      4.0,
      5.0,
      6.0,
      7.0,
      8.0,
      9.0,
      10.0,
      11.0,
      12.0,
      13.0,
      14.0
    ]
  },
  "cone": {
    "longname": "cone",
    "d": 1,
    "p": [
      [
        1.0,
        0.0,
        0.0
      ],
      [
        -1.0,
        -1.0,
        0.0
      ],
      [
        -1.0,
        1.0,
        0.0
      ],
      [
        1.0,
        0.0,
        0.0
      ],
      [
        -1.0,
        0.5,
        -0.86
      ],
      [
        -1.0,
        -0.5,
        0.86
      ],
      [
        1.0,
        0.0,
        0.0
      ],
      [
        -1.0,
        -0.5,
        -0.86
      ],
      [
        -1.0,
        0.5,
        0.86
      ],
      [
        -1.0,
        -0.5,
        0.86
      ],
      [
        -1.0,
        -1.0,
        0.0
      ],
      [
        -1.0,
        -0.5,
        -0.86
      ],
      [
        -1.0,
        0.5,
        -0.86
      ],
      [
        -1.0,
        1.0,
        0.0
      ],
      [
        -1.0,
        0.5,
        0.86
      ],
      [
        1.0,
        0.0,
        0.0
      ]
    ],
    "k": [
      0.0,
      1.0,
      2.0,
      3.0,
      4.0,
      5.0,
      6.0,
      7.0,
      8.0,
      9.0,
      10.0,
      11.0,
      12.0,
      13.0,
      14.0,
      15.0
    ]
  },
  "fourway": {
    "longname": "four-way arrow",
    "d": 1,
    "p": [
      [
        0.0,
        -0.2814123257729969,
        -0.16037476630074016
      ],
      [
        0.0,
        -0.9380410859099896,
        -0.0998559865646118
      ],
      [
        0.0,
        -0.9380410859099896,
        -0.25962556506799067
      ],
      [
        0.0,
        -1.1982718387753415,
        0.0
      ],
      [
        0.0,
        -0.9380410859099896,
        0.25962556506799067
      ],
      [
        0.0,
        -0.9380410859099896,
        0.0998559865646118
      ],
      [
        0.0,
        -0.2814123257729969,
        0.16037476630074016
      ],
      [
        0.0,
        -0.0998559865646118,
        0.8775223061738613
      ],
      [
        0.0,
        -0.25962556506799067,
        0.8775223061738613
      ],
      [
        0.0,
        0.0,
        1.1982718387753415
      ],
      [
        0.0,
        0.25962556506799067,
        0.8775223061738613
      ],
      [
        0.0,
        0.0998559865646118,
        0.8775223061738613
      ],
      [
        0.0,
        0.2814123257729969,
        0.16037476630074016
      ],
      [
        0.0,
        0.9380410859099896,
        0.0998559865646118
      ],
      [
        0.0,
        0.9380410859099896,
        0.25962556506799067
      ],
      [
        0.0,
        1.1982718387753415,
        0.0
      ],
      [
        0.0,
        0.9380410859099896,
        -0.25962556506799067
      ],
      [
        0.0,
        0.9380410859099896,
        -0.0998559865646118
      ],
      [
        0.0,
        0.2814123257729969,
        -0.16037476630074016
      ],
      [
        0.0,
        0.0998559865646118,
        -0.8775223061738613
      ],
      [
        0.0,
        0.25962556506799067,
        -0.8775223061738613
      ],
      [
        0.0,
        0.0,
        -1.1982718387753415
      ],
      [
        0.0,
        -0.25962556506799067,
        -0.8775223061738613
      ],
      [
        0.0,
        -0.0998559865646118,
        -0.8775223061738613
      ],
      [
        0.0,
        -0.2814123257729969,
        -0.16037476630074016
      ]
    ],
    "k": [
      0.0,
      1.0,
      2.0,
      3.0,
      4.0,
      5.0,
      6.0,
      7.0,
      8.0,
      9.0,
      10.0,
      11.0,
      12.0,
      13.0,
      14.0,
      15.0,
      16.0,
      17.0,
      18.0,
      19.0,
      20.0,
      21.0,
      22.0,
      23.0,
      24.0
    ]
  },
  "loc": {
    "longname": "locator shape",
    "d": 1,
    "p": [
      [
        -1.0,
        0.0,
        0.0
      ],
      [
        1.0,
        0.0,
        0.0
      ],
      [
        0.0,
        0.0,
        0.0
      ],
      [
        0.0,
        -1.0,
        0.0
      ],
      [
        0.0,
        1.0,
        0.0
      ],
      [
        0.0,
        0.0,
        0.0
      ],
      [
        0.0,
        0.0,
        -1.0
      ],
      [
        0.0,
        0.0,
        1.0
      ]
    ],
    "k": [
      0.0,
      1.0,
      2.0,
      3.0,
      4.0,
      5.0,
      6.0,
      7.0
    ]
  },
  "circle": {
    "longname": "circle",
    "d": 3,